Dirty Deeds Done Dirt Cheap,3:52,AC/DC,Dirty Deeds Done Dirt Cheap,Rock,100
Love at First Feel,3:13,AC/DC,Dirty Deeds Done Dirt Cheap,Rock,60
Big Balls,2:39,AC/DC,Dirty Deeds Done Dirt Cheap,Rock,80
Rocker,2:52,AC/DC,Dirty Deeds Done Dirt Cheap,Rock,20
Problem Child,5:47,AC/DC,Dirty Deeds Done Dirt Cheap,Rock,60
There's Gonna Be Some Rockin',3:18,AC/DC,Dirty Deeds Done Dirt Cheap,Rock,60
Ain't No Fun (Waiting Round To Be A Millionaire),6:58,AC/DC,Dirty Deeds Done Dirt Cheap,Rock,20
Ride On,5:54,AC/DC,Dirty Deeds Done Dirt Cheap,Rock,60
Squealer,5:27,AC/DC,Dirty Deeds Done Dirt Cheap,Rock,40
It's a Long Way to the Top (If You Wanna Rock 'N' Roll),5:02,AC/DC,High Voltage,Rock,80
Rock N Roll Singer,5:04,AC/DC,High Voltage,Rock,40
The Jack,5:53,AC/DC,High Voltage,Rock,20
Live Wire,5:50,AC/DC,High Voltage,Rock,80
T.N.T.,3:35,AC/DC,High Voltage,Rock,100
Can I Sit Next to You Girl,4:12,AC/DC,High Voltage,Rock,60
Little Lover,5:40,AC/DC,High Voltage,Rock,40
She's Got Balls,4:52,AC/DC,High Voltage,Rock,20
High Voltage,4:14,AC/DC,High Voltage,Rock,80
Go Down,5:31,AC/DC,Let There Be Rock,Rock,40
Dog Eat Dog,3:35,AC/DC,Let There Be Rock,Rock,60
Let There Be Rock,6:06,AC/DC,Let There Be Rock,Rock,100
Bad Boy Boogie,4:28,AC/DC,Let There Be Rock,Rock,20
Problem Child,5:25,AC/DC,Let There Be Rock,Rock,80
Overdose,6:09,AC/DC,Let There Be Rock,Rock,60
Hell Ain't a Bad Place to Be,4:14,AC/DC,Let There Be Rock,Rock,80
Whole Lotta Rosie,5:34,AC/DC,Let There Be Rock,Rock,100
Highway to Hell,3:28,AC/DC,Highway to Hell,Rock,100
Girls Got Rhythm,3:23,AC/DC,Highway to Hell,Rock,60
Walk All Over You,5:10,AC/DC,Highway to Hell,Rock,40
Touch Too Much,4:26,AC/DC,Highway to Hell,Rock,80
Beating Around the Bush,3:56,AC/DC,Highway to Hell,Rock,80
Shot Down In Flames,3:23,AC/DC,Highway to Hell,Rock,80
Get It Hot,2:35,AC/DC,Highway to Hell,Rock,40
If You Want Blood (You've Got It),4:37,AC/DC,Highway to Hell,Rock,80
Love Hungry Man,4:17,AC/DC,Highway to Hell,Rock,40
Night Prowler,6:28,AC/DC,Highway to Hell,Rock,60
Hells Bells,5:12,AC/DC,Back In Black,Rock,100
Shoot to Thrill,5:17,AC/DC,Back In Black,Rock,100
What Do You Do for Money Honey,3:36,AC/DC,Back In Black,Rock,80
Given the Dog a Bone,3:32,AC/DC,Back In Black,Rock,80
Let Me Put My Love into You,4:15,AC/DC,Back In Black,Rock,80
Back In Black,4:16,AC/DC,Back In Black,Rock,100
You Shook Me All Night Long,3:30,AC/DC,Back In Black,Rock,100
Have a Drink On Me,3:58,AC/DC,Back In Black,Rock,80
Shake a Leg,4:06,AC/DC,Back In Black,Rock,60
Rock and Roll Ain't Noise Pollution,4:26,AC/DC,Back In Black,Rock,100
Thunderstruck,4:53,AC/DC,The Razor's Edge,Rock,100
Fire Your Guns,2:54,AC/DC,The Razor's Edge,Rock,80
Moneytalks,3:46,AC/DC,The Razor's Edge,Rock,100
The Razor's Edge,4:23,AC/DC,The Razor's Edge,Rock,80
Mistress For Christmas,4:00,AC/DC,The Razor's Edge,Holiday,80
Rock Your Heart Out,4:07,AC/DC,The Razor's Edge,Rock,80
Are You Ready,4:10,AC/DC,The Razor's Edge,Rock,60
Got You By the Balls,4:30,AC/DC,The Razor's Edge,Rock,40
Shot of Love,3:57,AC/DC,The Razor's Edge,Rock,60
Let's Make It,3:32,AC/DC,The Razor's Edge,Rock,60
Goodbye and Good Riddance to Bad Luck,3:14,AC/DC,The Razor's Edge,Rock,40
If You Dare,3:18,AC/DC,The Razor's Edge,Rock,60
Rock N Roll Train,4:22,AC/DC,Black Ice,Rock,100
Skies On Fire,3:34,AC/DC,Black Ice,Rock,80
Big Jack,3:57,AC/DC,Black Ice,Rock,80
Anything Goes,3:22,AC/DC,Black Ice,Rock,60
War Machine,3:10,AC/DC,Black Ice,Rock,60
Smash N Grab,4:06,AC/DC,Black Ice,Rock,60
Spoilin' for a Fight,3:17,AC/DC,Black Ice,Rock,80
Wheels,3:28,AC/DC,Black Ice,Rock,60
Decibel,3:34,AC/DC,Black Ice,Rock,60
Stormy May Day,3:10,AC/DC,Black Ice,Rock,60
She Likes Rock N Roll,3:53,AC/DC,Black Ice,Rock,60
Money Made,4:15,AC/DC,Black Ice,Rock,40
Rock N Roll Dream,4:41,AC/DC,Black Ice,Rock,60
Rocking All the Way,3:22,AC/DC,Black Ice,Rock,80
Black Ice,3:25,AC/DC,Black Ice,Rock,80
Rock or Bust,3:03,AC/DC,Rock or Bust,Rock,80
Play Ball,2:47,AC/DC,Rock or Bust,Rock,80
Rock the Blues Away,3:24,AC/DC,Rock or Bust,Rock,80
Miss Adventure,2:57,AC/DC,Rock or Bust,Rock,40
Dogs of War,3:35,AC/DC,Rock or Bust,Rock,60
Got Some Rock & Roll Thunder,3:23,AC/DC,Rock or Bust,Rock,80
Hard Times,2:44,AC/DC,Rock or Bust,Rock,60
Baptism By Fire,3:30,AC/DC,Rock or Bust,Rock,60
Rock the House,2:43,AC/DC,Rock or Bust,Rock,80
Sweet Candy,3:10,AC/DC,Rock or Bust,Rock,60
Emission Control,3:41,AC/DC,Rock or Bust,Rock,80
Travelin' Prayer,4:16,Billy Joel,Piano Man,Pop,60
Piano Man,5:39,Billy Joel,Piano Man,Pop,100
Ain't No Crime,3:19,Billy Joel,Piano Man,Pop,40
You're My Home,3:13,Billy Joel,Piano Man,Pop,40
The Ballad Of Billy The Kid,5:42,Billy Joel,Piano Man,Pop,100
Worse Comes To Worst,3:16,Billy Joel,Piano Man,Pop,60
Stop In Nevada,3:55,Billy Joel,Piano Man,Pop,60
If I Only Had The Words (To Tell You),3:34,Billy Joel,Piano Man,Pop,40
Somewhere Along The Line,3:20,Billy Joel,Piano Man,Pop,40
Captain Jack,7:17,Billy Joel,Piano Man,Pop,100
Say Goodbye to Hollywood,4:37,Billy Joel,Turnstiles,Pop,80
Summer Highland Falls,3:20,Billy Joel,Turnstiles,Pop,60
All You Wanna Do Is Dance,3:46,Billy Joel,Turnstiles,Pop,40
New York State of Mind,6:05,Billy Joel,Turnstiles,Pop,100
James,3:56,Billy Joel,Turnstiles,Pop,20
Prelude/Angry Young Man,5:17,Billy Joel,Turnstiles,Pop,80
I've Loved These Days,4:36,Billy Joel,Turnstiles,Pop,40
Miami 2017 (Seen the Lights Go Out On Broadway),5:15,Billy Joel,Turnstiles,Pop,100
Movin' Out (Anthony's Song),3:30,Billy Joel,The Stranger,Pop,80
The Stranger,5:11,Billy Joel,The Stranger,Pop,100
Just The Way You Are,4:51,Billy Joel,The Stranger,Pop,100
Scenes From An Italian Restaurant,7:37,Billy Joel,The Stranger,Pop,100
Vienna,3:34,Billy Joel,The Stranger,Pop,80
Only The Good Die Young,3:56,Billy Joel,The Stranger,Pop,100
She's Always A Woman,3:21,Billy Joel,The Stranger,Pop,100
Get It Right The First Time,3:57,Billy Joel,The Stranger,Pop,40
Everybody Has A Dream,6:36,Billy Joel,The Stranger,Pop,60
Battle Scene,4:20,THE BLACK MAGES,The Black Mages,Rock,80
Clash on the Big Bridge,4:17,THE BLACK MAGES,The Black Mages,Rock,100
Force Your Way,3:51,THE BLACK MAGES,The Black Mages,Rock,80
Battle Scene Ⅱ,3:52,THE BLACK MAGES,The Black Mages,Rock,80
The Decisive Battle,4:03,THE BLACK MAGES,The Black Mages,Rock,100
Battle Theme,3:22,THE BLACK MAGES,The Black Mages,Rock,100
J-E-N-O-V-A,6:09,THE BLACK MAGES,The Black Mages,Rock,80
Those Who Fight Further,4:25,THE BLACK MAGES,The Black Mages,Rock,100
Dancing Mad,12:05,THE BLACK MAGES,The Black Mages,Rock,60
Fight With Seymour,5:05,THE BLACK MAGES,The Black Mages,Rock,40
The Rocking Grounds,3:56,THE BLACK MAGES,The Skies Above,Soundtrack,100
Zeromus,3:52,THE BLACK MAGES,The Skies Above,Soundtrack,80
Vamo' Alla Flamenco,4:25,THE BLACK MAGES,The Skies Above,Soundtrack,100
Hunter's Chance,4:45,THE BLACK MAGES,The Skies Above,Soundtrack,100
Otherworld,3:15,THE BLACK MAGES,The Skies Above,Soundtrack,40
Matoya's Cave,4:44,THE BLACK MAGES,The Skies Above,Soundtrack,100
The Man With the Machine Gun,4:17,THE BLACK MAGES,The Skies Above,Soundtrack,80
Maybe I'm A Lion,5:35,THE BLACK MAGES,The Skies Above,Soundtrack,80
Battle with the Four Fiends,3:59,THE BLACK MAGES,The Skies Above,Soundtrack,80
The Skies Above,7:19,THE BLACK MAGES,The Skies Above,Soundtrack,40
Blue Blast - Winning the Rainbow,4:49,THE BLACK MAGES,The Skies Above,Soundtrack,80
Opening - Bombing Mission,4:39,THE BLACK MAGES,Darkness and Starlight,Soundtrack,80
Neo EXDEATH,4:39,THE BLACK MAGES,Darkness and Starlight,Soundtrack,80
The Extreme,5:51,THE BLACK MAGES,Darkness and Starlight,Soundtrack,80
Assault of the Silver Dragon,5:01,THE BLACK MAGES,Darkness and Starlight,Soundtrack,80
KURAYAMINOKUMO,4:56,THE BLACK MAGES,Darkness and Starlight,Soundtrack,80
Distant Worlds,7:32,THE BLACK MAGES,Darkness and Starlight,Soundtrack,80
Premonition,5:23,THE BLACK MAGES,Darkness and Starlight,Soundtrack,60
Grand Cross,5:34,THE BLACK MAGES,Darkness and Starlight,Soundtrack,80
Darkness and Starlight,15:32,THE BLACK MAGES,Darkness and Starlight,Soundtrack,40
LIFE ~in memory of KEITEN~,1:38,THE BLACK MAGES,Darkness and Starlight,Soundtrack,100
More Than a Feeling,4:45,Boston,Boston,Rock,100
Peace of Mind,5:04,Boston,Boston,Rock,100
Foreplay/Long Time,7:48,Boston,Boston,Rock,100
Rock N Roll Band,3:00,Boston,Boston,Rock,80
Smokin',4:21,Boston,Boston,Rock,80
Hitch a Ride,4:12,Boston,Boston,Rock,60
Something About You,3:48,Boston,Boston,Rock,100
Let Me Take You Home Tonight,4:47,Boston,Boston,Rock,40
Hangin' Around,3:03,The Edgar Winter Group,They Only Come Out at Night,Rock,100
When It Comes,3:16,The Edgar Winter Group,They Only Come Out at Night,Rock,20
Alta Mira,3:19,The Edgar Winter Group,They Only Come Out at Night,Rock,60
Free Ride,3:08,The Edgar Winter Group,They Only Come Out at Night,Rock,100
Undercover Man,3:50,The Edgar Winter Group,They Only Come Out at Night,Rock,40
Round & Round,4:00,The Edgar Winter Group,They Only Come Out at Night,Rock,60
Rock 'n' Roll Boogie Woogie Blues,3:26,The Edgar Winter Group,They Only Come Out at Night,Rock,60
Autumn,3:01,The Edgar Winter Group,They Only Come Out at Night,Rock,60
We All Had A Real Good Time,3:05,The Edgar Winter Group,They Only Come Out at Night,Rock,80
Frankenstein,4:44,The Edgar Winter Group,They Only Come Out at Night,Rock,100
Too Much Is Never Enough,5:48,Florence + The Machine,Songs from FINAL FANTASY ⅩⅤ,Alternative,60
Stand By Me,4:06,Florence + The Machine,Songs from FINAL FANTASY ⅩⅤ,Alternative,100
I Will Be,5:25,Florence + The Machine,Songs from FINAL FANTASY ⅩⅤ,Alternative,40
Welcome To The Jungle,4:34,Guns N' Roses,Appetite for Destruction,Rock,100
It's So Easy,3:23,Guns N' Roses,Appetite for Destruction,Rock,40
Nightrain,4:29,Guns N' Roses,Appetite for Destruction,Rock,100
Out Ta Get Me,4:24,Guns N' Roses,Appetite for Destruction,Rock,80
Mr. Brownstone,3:49,Guns N' Roses,Appetite for Destruction,Rock,80
Paradise City,6:47,Guns N' Roses,Appetite for Destruction,Rock,100
My Michelle,3:40,Guns N' Roses,Appetite for Destruction,Rock,60
Think About You,3:52,Guns N' Roses,Appetite for Destruction,Rock,40
Sweet Child O' Mine,5:56,Guns N' Roses,Appetite for Destruction,Rock,100
You're Crazy,3:17,Guns N' Roses,Appetite for Destruction,Rock,40
Anything Goes,3:26,Guns N' Roses,Appetite for Destruction,Rock,60
Rocket Queen,6:13,Guns N' Roses,Appetite for Destruction,Rock,80
Johnny Cage (Prepare Yourself),3:41,The Immortals,Mortal Kombat: The Album,Electronic,20
Kano (Use Your Might),3:48,The Immortals,Mortal Kombat: The Album,Electronic,20
Sub-Zero (Chinese Ninja Warror),3:53,The Immortals,Mortal Kombat: The Album,Electronic,40
Liu Kang (Born In China),4:09,The Immortals,Mortal Kombat: The Album,Electronic,20
Techno Syndrome (Mortal Kombat),3:26,The Immortals,Mortal Kombat: The Album,Electronic,100
Scorpion (Lost Soul Bent On Revenge),3:52,The Immortals,Mortal Kombat: The Album,Electronic,40
Sonya (Go Go Go),3:36,The Immortals,Mortal Kombat: The Album,Electronic,20
Rayden (Eternal Life),3:47,The Immortals,Mortal Kombat: The Album,Electronic,60
Goro (The Outworld Prince),3:36,The Immortals,Mortal Kombat: The Album,Electronic,20
Hypnotic House (Mortal Kombat),3:45,The Immortals,Mortal Kombat: The Album,Electronic,60
Prologue,1:18,Jeremy Zuckerman,The Legend of Korra: Original Music from Book One,Soundtrack,80
Air Tight,2:54,Jeremy Zuckerman,The Legend of Korra: Original Music from Book One,Soundtrack,20
In A Box,1:37,Jeremy Zuckerman,The Legend of Korra: Original Music from Book One,Soundtrack,60
An Impossible Crime,2:11,Jeremy Zuckerman,The Legend of Korra: Original Music from Book One,Soundtrack,40
Being Patient / Beifong's Sacrifice,4:20,Jeremy Zuckerman,The Legend of Korra: Original Music from Book One,Soundtrack,80
Asami And Mako Dine,1:10,Jeremy Zuckerman,The Legend of Korra: Original Music from Book One,Soundtrack,60
On The Lam,1:19,Jeremy Zuckerman,The Legend of Korra: Original Music from Book One,Soundtrack,60
Hittin' On All Sixes,2:40,Jeremy Zuckerman,The Legend of Korra: Original Music from Book One,Soundtrack,40
Good Ol' Days,1:41,Jeremy Zuckerman,The Legend of Korra: Original Music from Book One,Soundtrack,60
Before,7:38,Jeremy Zuckerman,The Legend of Korra: Original Music from Book One,Soundtrack,60
Fresh Air,1:06,Jeremy Zuckerman,The Legend of Korra: Original Music from Book One,Soundtrack,80
Korra Confronts Tarrlok,3:00,Jeremy Zuckerman,The Legend of Korra: Original Music from Book One,Soundtrack,40
Squeaky Rags,1:44,Jeremy Zuckerman,The Legend of Korra: Original Music from Book One,Soundtrack,60
Amon,3:02,Jeremy Zuckerman,The Legend of Korra: Original Music from Book One,Soundtrack,60
Chi Blockers,2:18,Jeremy Zuckerman,The Legend of Korra: Original Music from Book One,Soundtrack,80
A Peaceful Place,2:03,Jeremy Zuckerman,The Legend of Korra: Original Music from Book One,Soundtrack,80
Left My Heart In Republic City,2:40,Jeremy Zuckerman,The Legend of Korra: Original Music from Book One,Soundtrack,60
Firebending Training,1:16,Jeremy Zuckerman,The Legend of Korra: Original Music from Book One,Soundtrack,80
Wheels,2:48,Jeremy Zuckerman,The Legend of Korra: Original Music from Book One,Soundtrack,80
Republic City Under Attack,4:03,Jeremy Zuckerman,The Legend of Korra: Original Music from Book One,Soundtrack,80
Hardboiled...Afraid (Separate Ways),1:20,Jeremy Zuckerman,The Legend of Korra: Original Music from Book One,Soundtrack,40
War,2:04,Jeremy Zuckerman,The Legend of Korra: Original Music from Book One,Soundtrack,60
Asami And Hiroshi / Korra Airbends,4:24,Jeremy Zuckerman,The Legend of Korra: Original Music from Book One,Soundtrack,60
Greatest Change,5:16,Jeremy Zuckerman,The Legend of Korra: Original Music from Book One,Soundtrack,60
The Legend Of Korra End Credits,0:31,Jeremy Zuckerman,The Legend of Korra: Original Music from Book One,Soundtrack,40
The Legend Of Korra Main Title,0:28,Jeremy Zuckerman,The Legend of Korra: Original Music from Book One,Soundtrack,60
In The Jungle,4:13,John Williams,Raiders of the Lost Ark - Original Motion Picture Soundtrack,Soundtrack,40
The Idol Temple,3:56,John Williams,Raiders of the Lost Ark - Original Motion Picture Soundtrack,Soundtrack,40
Escape From The Temple,1:34,John Williams,Raiders of the Lost Ark - Original Motion Picture Soundtrack,Soundtrack,40
Flight From Peru,2:24,John Williams,Raiders of the Lost Ark - Original Motion Picture Soundtrack,Soundtrack,80
Washington Men/indy's Home,1:06,John Williams,Raiders of the Lost Ark - Original Motion Picture Soundtrack,Soundtrack,40
A Thought For Marion/To Nepal,2:12,John Williams,Raiders of the Lost Ark - Original Motion Picture Soundtrack,Soundtrack,60
The Medallion,2:55,John Williams,Raiders of the Lost Ark - Original Motion Picture Soundtrack,Soundtrack,40
Flight To Cairo,1:30,John Williams,Raiders of the Lost Ark - Original Motion Picture Soundtrack,Soundtrack,40
The Basket Game,5:02,John Williams,Raiders of the Lost Ark - Original Motion Picture Soundtrack,Soundtrack,60
Bad Dates,1:14,John Williams,Raiders of the Lost Ark - Original Motion Picture Soundtrack,Soundtrack,20
The Map Room: Dawn,3:53,John Williams,Raiders of the Lost Ark - Original Motion Picture Soundtrack,Soundtrack,60
Reunion In The Tent/Searching For The Well,4:02,John Williams,Raiders of the Lost Ark - Original Motion Picture Soundtrack,Soundtrack,40
The Well Of The Souls,5:28,John Williams,Raiders of the Lost Ark - Original Motion Picture Soundtrack,Soundtrack,20
Indy Rides The Statue,1:09,John Williams,Raiders of the Lost Ark - Original Motion Picture Soundtrack,Soundtrack,40
The Fist Fight / The Flying Wing,4:37,John Williams,Raiders of the Lost Ark - Original Motion Picture Soundtrack,Soundtrack,60
Desert Chase,7:33,John Williams,Raiders of the Lost Ark - Original Motion Picture Soundtrack,Soundtrack,60
Marion's Theme / The Crate,2:10,John Williams,Raiders of the Lost Ark - Original Motion Picture Soundtrack,Soundtrack,80
The German Sub,1:23,John Williams,Raiders of the Lost Ark - Original Motion Picture Soundtrack,Soundtrack,60
Ride To The Nazi Hideout,3:20,John Williams,Raiders of the Lost Ark - Original Motion Picture Soundtrack,Soundtrack,60
Indy Follows The Ark,1:40,John Williams,Raiders of the Lost Ark - Original Motion Picture Soundtrack,Soundtrack,40
The Miracle Of The Ark,6:07,John Williams,Raiders of the Lost Ark - Original Motion Picture Soundtrack,Soundtrack,40
Washington Ending / Raiders March,6:52,John Williams,Raiders of the Lost Ark - Original Motion Picture Soundtrack,Soundtrack,100
Opening Titles,0:33,John Williams,Jurassic Park - Original Motion Picture Soundtrack,Soundtrack,60
Theme From Jurassic Park,3:27,John Williams,Jurassic Park - Original Motion Picture Soundtrack,Soundtrack,100
Incident At Isla Nublar,5:20,John Williams,Jurassic Park - Original Motion Picture Soundtrack,Soundtrack,60
Journey To The Island,8:53,John Williams,Jurassic Park - Original Motion Picture Soundtrack,Soundtrack,100
The Raptor Attack,2:49,John Williams,Jurassic Park - Original Motion Picture Soundtrack,Soundtrack,40
Hatching Baby Raptor,3:20,John Williams,Jurassic Park - Original Motion Picture Soundtrack,Soundtrack,40
Welcome To Jurassic Park,7:55,John Williams,Jurassic Park - Original Motion Picture Soundtrack,Soundtrack,100
My Friend The Brachiosaurus,4:16,John Williams,Jurassic Park - Original Motion Picture Soundtrack,Soundtrack,60
Dennis Steals The Embryo,4:56,John Williams,Jurassic Park - Original Motion Picture Soundtrack,Soundtrack,40
A Tree For My Bed,2:12,John Williams,Jurassic Park - Original Motion Picture Soundtrack,Soundtrack,60
High-Wire Stunts,4:09,John Williams,Jurassic Park - Original Motion Picture Soundtrack,Soundtrack,40
Remembering Petticoat Lane,2:48,John Williams,Jurassic Park - Original Motion Picture Soundtrack,Soundtrack,20
Jurassic Park Gate,2:04,John Williams,Jurassic Park - Original Motion Picture Soundtrack,Soundtrack,60
Eye To Eye,6:32,John Williams,Jurassic Park - Original Motion Picture Soundtrack,Soundtrack,40
T-Rex Rescue & Finale,7:40,John Williams,Jurassic Park - Original Motion Picture Soundtrack,Soundtrack,60
End Credits,3:28,John Williams,Jurassic Park - Original Motion Picture Soundtrack,Soundtrack,100
Good Times Bad Times,2:47,Led Zeppelin,Led Zeppelin,Rock,80
Babe I'm Gonna Leave You,6:43,Led Zeppelin,Led Zeppelin,Rock,60
You Shook Me,6:28,Led Zeppelin,Led Zeppelin,Rock,40
Dazed And Confused,6:29,Led Zeppelin,Led Zeppelin,Rock,100
Your Time Is Gonna Come,4:35,Led Zeppelin,Led Zeppelin,Rock,40
Black Mountain Side,2:13,Led Zeppelin,Led Zeppelin,Rock,60
Communication Breakdown,2:30,Led Zeppelin,Led Zeppelin,Rock,60
I Can't Quit You Baby,4:43,Led Zeppelin,Led Zeppelin,Rock,60
How Many More Times,8:30,Led Zeppelin,Led Zeppelin,Rock,60
Whole Lotta Love,5:35,Led Zeppelin,Led Zeppelin Ⅱ,Rock,80
What Is and What Should Never Be,4:46,Led Zeppelin,Led Zeppelin Ⅱ,Rock,100
The Lemon Song,6:20,Led Zeppelin,Led Zeppelin Ⅱ,Rock,40
Thank You,4:49,Led Zeppelin,Led Zeppelin Ⅱ,Rock,60
Heartbreaker,4:14,Led Zeppelin,Led Zeppelin Ⅱ,Rock,80
Living Loving Maid (She's Just a Woman),2:39,Led Zeppelin,Led Zeppelin Ⅱ,Rock,60
Ramble On,4:34,Led Zeppelin,Led Zeppelin Ⅱ,Rock,100
Moby Dick,4:21,Led Zeppelin,Led Zeppelin Ⅱ,Rock,80
Bring It On Home,4:22,Led Zeppelin,Led Zeppelin Ⅱ,Rock,100
Immigrant Song,2:27,Led Zeppelin,Led Zeppelin Ⅲ,Rock,100
Friends,3:54,Led Zeppelin,Led Zeppelin Ⅲ,Rock,40
Celebration Day,3:30,Led Zeppelin,Led Zeppelin Ⅲ,Rock,40
Since I've Been Loving You,7:24,Led Zeppelin,Led Zeppelin Ⅲ,Rock,60
Out On the Tiles,4:07,Led Zeppelin,Led Zeppelin Ⅲ,Rock,60
Gallows Pole,4:58,Led Zeppelin,Led Zeppelin Ⅲ,Rock,60
Tangerine,3:12,Led Zeppelin,Led Zeppelin Ⅲ,Rock,20
That's the Way,5:37,Led Zeppelin,Led Zeppelin Ⅲ,Rock,40
Bron-Y-Aur Stomp,4:17,Led Zeppelin,Led Zeppelin Ⅲ,Rock,60
Hats Off to (Roy) Harper,3:44,Led Zeppelin,Led Zeppelin Ⅲ,Rock,40
Black Dog,4:56,Led Zeppelin,Led Zeppelin Ⅳ,Rock,100
Rock and Roll,3:41,Led Zeppelin,Led Zeppelin Ⅳ,Rock,100
The Battle of Evermore,5:52,Led Zeppelin,Led Zeppelin Ⅳ,Rock,80
Stairway to Heaven,8:03,Led Zeppelin,Led Zeppelin Ⅳ,Rock,100
Misty Mountain Hop,4:39,Led Zeppelin,Led Zeppelin Ⅳ,Rock,100
Four Sticks,4:45,Led Zeppelin,Led Zeppelin Ⅳ,Rock,40
Going to California,3:32,Led Zeppelin,Led Zeppelin Ⅳ,Rock,80
When the Levee Breaks,7:11,Led Zeppelin,Led Zeppelin Ⅳ,Rock,80
The Song Remains the Same,5:30,Led Zeppelin,Houses of the Holy,Rock,60
The Rain Song,7:39,Led Zeppelin,Houses of the Holy,Rock,80
Over the Hills and Far Away,4:51,Led Zeppelin,Houses of the Holy,Rock,100
The Crunge,3:18,Led Zeppelin,Houses of the Holy,Rock,40
Dancing Days,3:43,Led Zeppelin,Houses of the Holy,Rock,80
D'yer Mak'er,4:23,Led Zeppelin,Houses of the Holy,Rock,100
No Quarter,7:03,Led Zeppelin,Houses of the Holy,Rock,60
The Ocean,4:34,Led Zeppelin,Houses of the Holy,Rock,80
Custard Pie,4:17,Led Zeppelin,Physical Graffiti,Rock,60
The Rover,5:39,Led Zeppelin,Physical Graffiti,Rock,80
In My Time of Dying,11:08,Led Zeppelin,Physical Graffiti,Rock,80
Houses of the Holy,4:05,Led Zeppelin,Physical Graffiti,Rock,100
Trampled Under Foot,5:37,Led Zeppelin,Physical Graffiti,Rock,100
Kashmir,8:39,Led Zeppelin,Physical Graffiti,Rock,100
In the Light,8:49,Led Zeppelin,Physical Graffiti,Rock,60
Bron-Yr-Aur,2:07,Led Zeppelin,Physical Graffiti,Rock,80
Down by the Seaside,5:16,Led Zeppelin,Physical Graffiti,Rock,60
Ten Years Gone,6:35,Led Zeppelin,Physical Graffiti,Rock,80
Night Flight,3:38,Led Zeppelin,Physical Graffiti,Rock,60
The Wanton Song,4:09,Led Zeppelin,Physical Graffiti,Rock,80
Boogie With Stu,3:53,Led Zeppelin,Physical Graffiti,Rock,60
Black Country Woman,4:25,Led Zeppelin,Physical Graffiti,Rock,60
Sick Again,4:44,Led Zeppelin,Physical Graffiti,Rock,40
Achilles Last Stand,10:32,Led Zeppelin,Presence,Rock,80
For Your Life,6:25,Led Zeppelin,Presence,Rock,40
Royal Orleans,2:59,Led Zeppelin,Presence,Rock,60
Nobody's Fault But Mine,6:28,Led Zeppelin,Presence,Rock,80
Candy Store Rock,4:11,Led Zeppelin,Presence,Rock,60
Hots On For Nowhere,4:44,Led Zeppelin,Presence,Rock,60
Tea For One,9:28,Led Zeppelin,Presence,Rock,40
In The Evening,6:54,Led Zeppelin,In Through The Out Door,Rock,80
South Bound Saurez,4:14,Led Zeppelin,In Through The Out Door,Rock,60
Fool In The Rain,6:11,Led Zeppelin,In Through The Out Door,Rock,100
Hot Dog,3:19,Led Zeppelin,In Through The Out Door,Rock,80
Carouselambra,10:34,Led Zeppelin,In Through The Out Door,Rock,60
All My Love,5:54,Led Zeppelin,In Through The Out Door,Rock,100
I'm Gonna Crawl,5:32,Led Zeppelin,In Through The Out Door,Rock,60
Bat Out Of Hell,9:52,Meat Loaf,Bat Out of Hell,Rock,100
You Took The Word Right Out Of My Mouth (Hot Summer Night),5:05,Meat Loaf,Bat Out of Hell,Rock,100
Heaven Can Wait,4:42,Meat Loaf,Bat Out of Hell,Rock,40
All Revved Up With No Place To Go,4:21,Meat Loaf,Bat Out of Hell,Rock,60
Two Out Of Three Ain't Bad,5:27,Meat Loaf,Bat Out of Hell,Rock,100
Paradise By The Dashboard Light,8:30,Meat Loaf,Bat Out of Hell,Rock,100
For Crying Out Loud,8:55,Meat Loaf,Bat Out of Hell,Rock,40
Great Boléros of Fire (Live Intro),3:54,Meat Loaf,Bat Out of Hell,Rock,60
Bat Out Of Hell (Live),11:10,Meat Loaf,Bat Out of Hell,Rock,100
Bad Attitude,4:46,Meat Loaf,Bad Attitude,Rock,60
Modern Girl,4:26,Meat Loaf,Bad Attitude,Rock,40
Nowhere Fast,5:14,Meat Loaf,Bad Attitude,Rock,80
Surf's Up,4:27,Meat Loaf,Bad Attitude,Rock,60
Piece of the Action,4:17,Meat Loaf,Bad Attitude,Rock,80
Jumpin' the Gun,3:14,Meat Loaf,Bad Attitude,Rock,60
Cheatin' In Your Dreams,4:08,Meat Loaf,Bad Attitude,Rock,60
Don't Leave Your Mark On Me,4:09,Meat Loaf,Bad Attitude,Rock,80
Sailor To A Siren,4:42,Meat Loaf,Bad Attitude,Rock,60
I'd Do Anything For Love (But I Won't Do That),12:01,Meat Loaf,Bat Out of Hell Ⅱ: Back Into Hell,Rock,100
Life Is A Lemon And I Want My Money Back,8:00,Meat Loaf,Bat Out of Hell Ⅱ: Back Into Hell,Rock,100
Rock And Roll Dreams Come Through,5:51,Meat Loaf,Bat Out of Hell Ⅱ: Back Into Hell,Rock,60
It Just Won't Quit,7:22,Meat Loaf,Bat Out of Hell Ⅱ: Back Into Hell,Rock,80
Out Of The Frying Pan (And Into The Fire),7:24,Meat Loaf,Bat Out of Hell Ⅱ: Back Into Hell,Rock,100
Objects In The Rear View Mirror May Appear Closer Than They Are,10:16,Meat Loaf,Bat Out of Hell Ⅱ: Back Into Hell,Rock,60
Wasted Youth,2:41,Meat Loaf,Bat Out of Hell Ⅱ: Back Into Hell,Rock,40
Everything Louder Than Everything Else,7:59,Meat Loaf,Bat Out of Hell Ⅱ: Back Into Hell,Rock,100
Good Girls Go To Heaven (Bad Girls Go Everywhere),6:53,Meat Loaf,Bat Out of Hell Ⅱ: Back Into Hell,Rock,100
Back Into Hell,2:47,Meat Loaf,Bat Out of Hell Ⅱ: Back Into Hell,Rock,60
Lost Boys And Golden Girls,4:29,Meat Loaf,Bat Out of Hell Ⅱ: Back Into Hell,Rock,60
The Monster Is Loose,7:11,Meat Loaf,Bat Out of Hell Ⅲ: The Monster Is Loose,Rock,60
Blind As A Bat,5:51,Meat Loaf,Bat Out of Hell Ⅲ: The Monster Is Loose,Rock,40
It's All Coming Back To Me Now,6:06,Meat Loaf,Bat Out of Hell Ⅲ: The Monster Is Loose,Rock,100
Bad For Good,7:33,Meat Loaf,Bat Out of Hell Ⅲ: The Monster Is Loose,Rock,80
Cry Over Me,4:39,Meat Loaf,Bat Out of Hell Ⅲ: The Monster Is Loose,Rock,40
In The Land Of The Pig The Butcher Is King,5:30,Meat Loaf,Bat Out of Hell Ⅲ: The Monster Is Loose,Rock,40
Monstro,1:39,Meat Loaf,Bat Out of Hell Ⅲ: The Monster Is Loose,Rock,60
Alive,4:22,Meat Loaf,Bat Out of Hell Ⅲ: The Monster Is Loose,Rock,80
If God Could Talk,3:46,Meat Loaf,Bat Out of Hell Ⅲ: The Monster Is Loose,Rock,60
If It Ain't Broke Break It,4:49,Meat Loaf,Bat Out of Hell Ⅲ: The Monster Is Loose,Rock,80
What About Love,6:04,Meat Loaf,Bat Out of Hell Ⅲ: The Monster Is Loose,Rock,60
Seize The Night,9:46,Meat Loaf,Bat Out of Hell Ⅲ: The Monster Is Loose,Rock,60
The Future Ain't What It Used To Be,7:54,Meat Loaf,Bat Out of Hell Ⅲ: The Monster Is Loose,Rock,40
Cry To Heaven,2:23,Meat Loaf,Bat Out of Hell Ⅲ: The Monster Is Loose,Rock,20
夢灯籠 [Dream Lantern],2:10,RADWIMPS,Your Name.,Soundtrack,80
三葉の通学 [School Road],1:08,RADWIMPS,Your Name.,Soundtrack,60
糸守高校 [Itomori High School],1:52,RADWIMPS,Your Name.,Soundtrack,80
はじめての、東京 [First View Of Tokyo],1:20,RADWIMPS,Your Name.,Soundtrack,60
憧れカフェ [Cafe At Last],1:32,RADWIMPS,Your Name.,Soundtrack,60
奥寺先輩のテーマ [Theme Of Ms. Okudera],2:07,RADWIMPS,Your Name.,Soundtrack,40
ふたりの異変 [Unusual Changes of Two],2:37,RADWIMPS,Your Name.,Soundtrack,60
前前前世 [Zenzenzense],4:45,RADWIMPS,Your Name.,Soundtrack,100
御神体 [Goshintai],3:28,RADWIMPS,Your Name.,Soundtrack,60
デート [Date],4:06,RADWIMPS,Your Name.,Soundtrack,60
秋祭り [Autumn Festival],1:08,RADWIMPS,Your Name.,Soundtrack,40
記憶を呼び起こす瀧 [Evoking Memories],1:43,RADWIMPS,Your Name.,Soundtrack,40
飛騨探訪 [Visit to Hida],1:32,RADWIMPS,Your Name.,Soundtrack,40
消えた町 [Disappeared Town],1:56,RADWIMPS,Your Name.,Soundtrack,20
図書館 [Library],1:44,RADWIMPS,Your Name.,Soundtrack,60
旅館の夜 [The Night Inn],1:34,RADWIMPS,Your Name.,Soundtrack,40
御神体へ再び [Again To Goshintai],2:23,RADWIMPS,Your Name.,Soundtrack,40
口噛み酒トリップ [Kuchikamizake Trip],2:55,RADWIMPS,Your Name.,Soundtrack,40
作戦会議 [Council Of War],2:24,RADWIMPS,Your Name.,Soundtrack,40
町長説得 [Persuading Mayor],2:49,RADWIMPS,Your Name.,Soundtrack,40
三葉のテーマ [Theme Of Mitsuha],4:06,RADWIMPS,Your Name.,Soundtrack,60
見えないふたり [Unseen Two],0:53,RADWIMPS,Your Name.,Soundtrack,40
かたわれ時 [Katawaredoki],2:50,RADWIMPS,Your Name.,Soundtrack,80
スパークル [Sparkle],8:55,RADWIMPS,Your Name.,Soundtrack,80
デート2 [Date 2],2:09,RADWIMPS,Your Name.,Soundtrack,40
なんでもないや [Nandemonaiya],5:44,RADWIMPS,Your Name.,Soundtrack,60
Dream Lantern [English Version],2:12,RADWIMPS,Your Name.,Soundtrack,20
Zenzenzense [English Version],4:39,RADWIMPS,Your Name.,Soundtrack,20
Sparkle [English Version],6:51,RADWIMPS,Your Name.,Soundtrack,20
Nandemonaiya [English Version],5:42,RADWIMPS,Your Name.,Soundtrack,20
Main Titles,3:42,Vangelis,Blade Runner,Soundtrack,40
Blush Response,5:47,Vangelis,Blade Runner,Soundtrack,20
Wait For Me,5:27,Vangelis,Blade Runner,Soundtrack,40
Rachel's Song,4:48,Vangelis,Blade Runner,Soundtrack,60
Love Theme,4:56,Vangelis,Blade Runner,Soundtrack,40
One More Kiss Dear,4:00,Vangelis,Blade Runner,Soundtrack,60
Blade Runner Blues,8:54,Vangelis,Blade Runner,Soundtrack,60
Memories Of Green,5:05,Vangelis,Blade Runner,Soundtrack,40
Tales Of The Future,4:46,Vangelis,Blade Runner,Soundtrack,40
Damask Rose,2:33,Vangelis,Blade Runner,Soundtrack,40
Blade Runner (End Titles),4:39,Vangelis,Blade Runner,Soundtrack,80
Tears In Rain,3:01,Vangelis,Blade Runner,Soundtrack,20
Athena,3:48,The Who,It's Hard,Rock,80
It's Your Turn,3:41,The Who,It's Hard,Rock,60
Cooks County,3:52,The Who,It's Hard,Rock,40
It's Hard,3:50,The Who,It's Hard,Rock,60
Dangerous,3:35,The Who,It's Hard,Rock,80
Eminence Front,5:39,The Who,It's Hard,Rock,100
I've Known No War,5:57,The Who,It's Hard,Rock,60
One Life's Enough,2:21,The Who,It's Hard,Rock,40
One At A Time,3:19,The Who,It's Hard,Rock,60
Why Did I Fall For That,3:56,The Who,It's Hard,Rock,80
A Man Is A Man,3:56,The Who,It's Hard,Rock,40
Cry If You Want,5:23,The Who,It's Hard,Rock,60
It's Hard [Live],4:56,The Who,It's Hard,Rock,60
Eminence Front [Live],5:44,The Who,It's Hard,Rock,100
Dangerous [Live],3:48,The Who,It's Hard,Rock,80
Cry If You Want [Live],7:12,The Who,It's Hard,Rock,60
アシタカせっ記,1:40,久石譲,もののけ姫　サウンドトラック,Soundtrack,80
タタリ神,3:51,久石譲,もののけ姫　サウンドトラック,Soundtrack,60
旅立ち〜西へ〜,2:33,久石譲,もののけ姫　サウンドトラック,Soundtrack,80
呪われた力,0:36,久石譲,もののけ姫　サウンドトラック,Soundtrack,40
穢土,3:00,久石譲,もののけ姫　サウンドトラック,Soundtrack,80
出会い,0:52,久石譲,もののけ姫　サウンドトラック,Soundtrack,60
コダマ達,2:27,久石譲,もののけ姫　サウンドトラック,Soundtrack,60
神の森,0:40,久石譲,もののけ姫　サウンドトラック,Soundtrack,40
夕暮れのタタラ場,0:39,久石譲,もののけ姫　サウンドトラック,Soundtrack,60
タタリ神Ⅱーうばわれた山,0:57,久石譲,もののけ姫　サウンドトラック,Soundtrack,40
エボシ御前,2:48,久石譲,もののけ姫　サウンドトラック,Soundtrack,80
タタラ踏む女達ーエボシ　タタラうたー,1:29,久石譲,もののけ姫　サウンドトラック,Soundtrack,60
修羅,1:28,久石譲,もののけ姫　サウンドトラック,Soundtrack,60
東から来た少年,1:25,久石譲,もののけ姫　サウンドトラック,Soundtrack,80
レクイエム,2:22,久石譲,もののけ姫　サウンドトラック,Soundtrack,60
生きる,0:32,久石譲,もののけ姫　サウンドトラック,Soundtrack,60
シシ神の森の二人,1:39,久石譲,もののけ姫　サウンドトラック,Soundtrack,60
もののけ姫（インストゥルメンタル・ヴァージョン）,2:08,久石譲,もののけ姫　サウンドトラック,Soundtrack,80
レクイエムⅡ,2:14,久石譲,もののけ姫　サウンドトラック,Soundtrack,60
もののけ姫（ヴォーカル）,3:32,久石譲,もののけ姫　サウンドトラック,Soundtrack,60
戦いの太鼓,2:47,久石譲,もののけ姫　サウンドトラック,Soundtrack,60
タタラ場前の闘い,1:26,久石譲,もののけ姫　サウンドトラック,Soundtrack,60
呪われた力Ⅱ,2:30,久石譲,もののけ姫　サウンドトラック,Soundtrack,60
レクイエムⅢ,0:55,久石譲,もののけ姫　サウンドトラック,Soundtrack,40
敗走,1:31,久石譲,もののけ姫　サウンドトラック,Soundtrack,60
タタリ神Ⅲ,1:15,久石譲,もののけ姫　サウンドトラック,Soundtrack,60
死と生のアダーショ,2:08,久石譲,もののけ姫　サウンドトラック,Soundtrack,60
黄泉の世界,1:27,久石譲,もののけ姫　サウンドトラック,Soundtrack,60
黄泉の世界Ⅱ,1:33,久石譲,もののけ姫　サウンドトラック,Soundtrack,60
死と生のアダーショⅡ,1:07,久石譲,もののけ姫　サウンドトラック,Soundtrack,60
アシタカとサン,3:13,久石譲,もののけ姫　サウンドトラック,Soundtrack,80
もののけ姫（ヴォーカル　エンディング）,1:23,久石譲,もののけ姫　サウンドトラック,Soundtrack,60
アシタカせっ記（エンディング）,5:02,久石譲,もののけ姫　サウンドトラック,Soundtrack,100